"Category";"ProductId";"Title";"BadgeRaw";"BadgeCount";"CampaignsRaw";"CampaignCount"
"flores";"AKT-RG107";"Ramo de rosas semipremium con follaje x9 tallos";"Más vendido";"1";"Día de la Novia";"1"
"flores";"4BefejQv6";"Ramo de rosas premium  x9 tallos";"Más vendido";"1";"Día de la Novia";"1"
"flores";"RG-131";"Ramo de rosas pasteles  x18 tallos";"Más vendido";"1";"Día de la Novia";"1"
"flores";"AKT-RG181";"Ramo de peonías x18 tallos";"Más vendido";"1";"";"0"
"flores";"AKT-RG180";"Ramo de rosas semipremium  x9 tallos";"Más vendido";"1";"Día de la Novia";"1"
"flores";"AKT-RG600";"Ramo de tulipanes  x9 tallos";"Más vendido";"1";"Día de la Novia|Flores Amarillas";"2"
"flores";"AKT-RG702";"Ramo de hortensias grandes x1 vara";"Más vendido";"1";"";"0"
"flores";"AKT-RS102";"Ramo de rosa china con margaritas x5 tallos";"Más vendido";"1";"Día de la Novia|Flores Amarillas";"2"
"flores";"AKT-RG300";"Ramo de dalias  x7 tallos";"Más vendido";"1";"";"0"
"flores";"AKT-RS304";"Ramo de crisantemos  x5 tallos";"Más vendido";"1";"Flores Amarillas";"1"
"flores";"AKT-RS806";"Ramo de dalias pequeñas x5 tallos";"Más vendido";"1";"";"0"
"flores";"RS4037017";"Ramo de girasol con mini margaritas x7 tallos";"Más vendido";"1";"Flores Amarillas";"1"
"flores";"AKT-RS209";"Ramo de peonías pequeñas  x5 tallos";"Más vendido";"1";"Día de la Novia";"1"
"flores";"AKT-RS150";"Ramo de mini rosas con margarita otoñal  x5 tallos";"Más vendido";"1";"Día de la Novia";"1"
"flores";"AKT-RS106";"Ramo de mini hortensias otoñales  x5 tallos";"Más vendido";"1";"Día de la Novia";"1"
"flores";"AKT-RS124";"Ramo de mini rosas  x5 tallos";"Más vendido";"1";"";"0"
"flores";"AKT-RS800";"Ramo de margaritas otoñales  x7 tallos";"Más vendido";"1";"Día de la Novia|Día del Novio";"2"
"flores";"AKT-RS007";"Ramo de eucalipto  x16 tallos";"Más vendido";"1";"Día de la Novia|Flores Amarillas|Día del Novio";"3"
"flores";"AKT-RS901";"Ramo de gipsófila x5 tallos";"Más vendido";"1";"Día de la Novia|Flores Amarillas|Día del Novio";"3"
"flores";"4653-2525";"Ramo de helecho  x5 tallos";"Más vendido";"1";"Día de la Novia|Flores Amarillas|Día del Novio";"3"
"flores";"AKT-RS001";"Ramo de llamaplata  x7 tallos";"Más vendido";"1";"Día de la Novia|Flores Amarillas|Día del Novio";"3"
"flores";"AKT-RS206";"Ramo de peonías con margaritas  x5 tallos";"Más vendido";"1";"";"0"
"flores";"thjkdsft7017";"Ramo de girasol premium  x9 cabezas";"Más vendido";"1";"Flores Amarillas";"1"
"flores";"AKT-RG401";"Ramo de girasol premium  x5 tallos";"Más vendido";"1";"Flores Amarillas";"1"
"flores";"70FF25";"Flores de foamy  x25 unidades";"Más vendido";"1";"Flores Amarillas|Día de la Novia|Día del Novio";"3"
"flores";"FP9010OTR";"Flores de foamy x50 unidades";"Más vendido";"1";"Flores Amarillas|Día de la Novia";"2"
"flores";"8613-2789";"Ramo de Lirios Grande  x7 tallos";"Más vendido";"1";"Flores Amarillas|Día de la Novia";"2"
"flores";"GSO-R1316";"Ramo de azucena  x7 tallos";"Más vendido";"1";"Día de la Novia|Flores Amarillas";"2"
"flores";"7017-C001";"Tulipan siliconado  x12u.";"Más vendido";"1";"Día de la Novia";"1"
"flores";"QFwsyCBdk";"Ramo de crisantemos con gerberas  x5 tallos";"Más vendido";"1";"Día del Novio";"1"
"flores";"RRGMN01";"Ramo de rosas grandes con margaritas nieve x12 tallos ";"Más vendido";"1";"";"0"
"flores";"RRA11T01";"Ramo de rosas abiertas  x11 tallos";"Más vendido";"1";"";"0"
"flores";"RPMP01";"Ramo de peonías con margaritas primaverales x5 tallos ";"Más vendido";"1";"";"0"
"flores";"CT-554";"Ramo Minirosas Premium Otoñal  x6 tallos";"Más vendido";"1";"Día del Novio";"1"
"flores";"CT-553";"Ramo Minirosas Premium follaje  x6 tallos";"Más vendido";"1";"Día del Novio";"1"
"flores";"CT-606";"Ramo pequeño de Eucalipto x5 tallos";"Más vendido";"1";"Día de la Novia|Flores Amarillas|Día del Novio";"3"
"flores";"CT-193";"Ramo Margarita otoñal  x6 tallos";"Más vendido";"1";"Día de la Novia";"1"
"flores";"B01244PAP";"Ramo de margaritas silvestre x7 tallos";"Más vendido";"1";"Flores Amarillas";"1"
"flores";"FP2177RAM";"Ramo de rosas con lirios  x7 tallos";"Más vendido";"1";"Día de la Novia";"1"
"flores";"FP21811RAM";"Ramo de margaritas pompos  x7 tallos";"Más vendido";"1";"Día de la Novia";"1"
"flores";"RRDBCH-04";"Ramo de rosas boton chico  x20 tallos";"Más vendido";"1";"";"0"
"flores";"GIR07C";"Ramo de girasol premiun  x7tallos";"Más vendido";"1";"Flores Amarillas";"1"
"flores";"";"";"";"0";"";"0"
"flores";"";"";"";"0";"";"0"
"flores";"";"";"";"0";"";"0"
"flores";"";"";"";"0";"";"0"
"flores";"";"";"";"0";"";"0"
"flores";"";"";"";"0";"";"0"
"flores";"";"";"";"0";"";"0"
"flores";"";"";"";"0";"";"0"
"flores";"";"";"";"0";"";"0"
"flores";"";"";"";"0";"";"0"
"flores";"";"";"";"0";"";"0"
"flores";"";"";"";"0";"";"0"
"flores";"";"";"";"0";"";"0"
"flores";"";"";"";"0";"";"0"
"flores";"";"";"";"0";"";"0"
"flores";"";"";"";"0";"";"0"
"peluches";"7017G1321";"Peluche león sentado con flor 30cm";"Más vendido";"1";"Día de la Novia";"1"
"peluches";"Xkdfa9WJ6";"Peluche Snoopy con girasol 25cm";"Más vendido";"1";"Flores Amarillas";"1"
"peluches";"70PSCOP";"Peluche Snoopy con overol y polo 25cm";"Más vendido";"1";"Día de la Novia|Día del Novio";"2"
"peluches";"XHVzoHaSb";"Peluche Snoopy con corazón 25cm";"Más vendido";"1";"Día de la Novia";"1"
"peluches";"AC4054OTR";"Peluche corderito con tulipán 25cm";"Más vendido";"1";"Día de la Novia";"1"
"peluches";"GSJ-1737";"Peluche corderito con corazón 25cm";"Más vendido";"1";"";"0"
"peluches";"CER001";"Peluche Cerdito con Vestido Overol mate  25cm";"Más vendido";"1";"Día de la Novia";"1"
"peluches";"CER002";"Peluche cerdito con moñito tornasol 25cm";"Más vendido";"1";"Día de la Novia";"1"
"peluches";"7017G09";"Peluche Teddy con capucha y logo verde/amarillo 26cm";"Más vendido";"1";"Día del Novio";"1"
"peluches";"7017G701";"Peluche pingüino con mochila verde/rosa 25cm";"Más vendido";"1";"";"0"
"peluches";"7017G708";"Peluche pingüino (pintor, pescador y cocinero) 22cm";"Más vendido";"1";"";"0"
"peluches";"7017GL667";"Peluche pingüino Luck 19cm";"Más vendido";"1";"Día del Novio";"1"
"peluches";"ZlVzxn41t";"Peluche vaquita Milk 18cm";"Más vendido";"1";"Día de la Novia";"1"
"peluches";"HK001";"Peluche Hello Kitty con corazón 25cm";"Más vendido";"1";"Día de la Novia";"1"
"peluches";"PAR18CM";"Peluche oso parche pareja jean  14cm";"Más vendido";"1";"Día del Novio";"1"
"peluches";"OmspEvkTI";"Peluche oso parche chaleco camisa  18cm";"Más vendido";"1";"Día del Novio";"1"
"peluches";"7017G856";"Peluche koala con chalina roja 21cm";"Más vendido";"1";"";"0"
"peluches";"OS001";"Peluche oso peludito 18cm";"Más vendido";"1";"";"0"
"peluches";"o7VYl4dff";"Peluche oso con rosa 23cm";"Más vendido";"1";"";"0"
"peluches";"OS002";"Peluche oso con corazón y letra nacional 15cm";"Más vendido";"1";"";"0"
"peluches";"NQKZxcxNh";"Peluche monito con manito 25cm";"Más vendido";"1";"";"0"
"peluches";"GpxGCJSkf";"Peluche vaca de patas largas 20cm";"Más vendido";"1";"";"0"
"peluches";"Llszbookm";"Peluche Hello Kitty con vestido nacional 28cm";"Más vendido";"1";"Día de la Novia";"1"
"peluches";"70MKL2417";"Peluche Gata Marie 20cm";"Más vendido";"1";"Día de la Novia";"1"
"peluches";"14654645";"Peluche oso con overol a rayas 18cm";"Más vendido";"1";"";"0"
"peluches";"MN001";"Peluche monita con moño 20cm";"Más vendido";"1";"";"0"
"peluches";"eb8zmji90";"Peluche conejo con vestido brillante 22cm";"Más vendido";"1";"Día de la Novia";"1"
"peluches";"naJnvl8r";"Peluche Hombre Araña 23cm";"Más vendido";"1";"Día del Novio";"1"
"peluches";"70PGV08";"Peluche Goku 23cm";"Más vendido";"1";"Día del Novio";"1"
"peluches";"TD001";"Peluche Teddy con corazón 25cm";"Más vendido";"1";"";"0"
"peluches";"CN001";"Peluche conejo con corazón 25cm";"Más vendido";"1";"Día de la Novia";"1"
"peluches";"HK002";"Peluche Hello Kitty con vestido rojo 35cm";"Más vendido";"1";"Día de la Novia";"1"
"peluches";"70Ba-6335";"Peluche chancho con collar 25cm";"Más vendido";"1";"Día de la Novia";"1"
"peluches";"P-07423";"Peluche Lotso con paleta 21cm";"Más vendido";"1";"";"0"
"peluches";"70PLO30";"Peluche Lotso echado 35cm";"Más vendido";"1";"Día de la Novia";"1"
"peluches";"LO0023CM";"Peluche Lotso echado chico 20cm";"Más vendido";"1";"Día de la Novia";"1"
"peluches";"MKL036D";"Peluche oso Teddy con chompa 24CM ";"Más vendido";"1";"Día del Novio";"1"
"peluches";"BAZ2417";"Peluche Gata Marie soñadora 24CM ";"Más vendido";"1";"Día de la Novia";"1"
"peluches";"MKL0036X";"Peluche Stitch y Ángel pastel 24cm ";"Más vendido";"1";"";"0"
"peluches";"CERDIT456";"Peluche cerdito con corbata 24CM ";"Más vendido";"1";"";"0"
"peluches";"labu001";"Peluche Labubu disfrazado 22cm";"Más vendido";"1";"";"0"
"peluches";"labu002";"Peluche Lotso y Cinnamoroll 22cm";"Más vendido";"1";"";"0"
"peluches";"7017W014";"Peluche Stitch y Ángel corazón 25cm";"Más vendido";"1";"Día de la Novia";"1"
"peluches";"P07410";"Peluche oso corazón 18cm ";"Más vendido";"1";"";"0"
"peluches";"P07412";"Peluche oso disfrazado de Stitch y Lucifer 40 cm";"Más vendido";"1";"Día del Novio";"1"
"peluches";"G2753";"Peluche panda kawaii 20cm";"Más vendido";"1";"Día de la Novia";"1"
"peluches";"G1496";"Peluche mono abrazador 33cm";"Más vendido";"1";"";"0"
"peluches";"G2752";"Peluche panda ramo 21cm";"Más vendido";"1";"Día de la Novia";"1"
"peluches";"JyPsSyDwK";"Peluche oso con chompa corazon importado 25cm";"Más vendido";"1";"Día del Novio";"1"
"peluches";"ppbfutb0l";"Peluche Snoopy nacional futbolero 25cm";"Más vendido";"1";"Día del Novio";"1"
"peluches";"PSNCHO";"Peluche Snoopy con chompa 25cm";"Más vendido";"1";"Día del Novio";"1"
"peluches";"OSF001";"Peluche oso futbolero económico 20cm";"Más vendido";"1";"Día del Novio";"1"
"peluches";"PEF002";"Peluche cerdo equipo de fútbol 24cm";"Más vendido";"1";"Día del Novio";"1"
"peluches";"PCU003";"Peluche cerdo unicornio 24cm";"Más vendido";"1";"";"0"
"peluches";"PCSH006";"Peluche cerdo superhéroes 24cm";"Más vendido";"1";"";"0"
"peluches";"PCC004";"Peluche cerdo quico  24cm";"Más vendido";"1";"";"0"
"peluches";"PCS005";"Peluche cerdo Stitch 24cm";"Más vendido";"1";"";"0"
"peluches";"POING27";"Peluche oso ingeniero  27cm";"Más vendido";"1";"Día del Ingeniero";"1"
"peluches";"POINGJE33";"Peluche oso ingeniero jean  33cm";"Más vendido";"1";"Día del Ingeniero";"1"
"peluches";"POCV01";"Peluche Osito Chiquito Modelos Varios 15cm";"Más vendido";"1";"";"0"
"peluches";"POCH01";"Peluche Osito Chelero 20cm";"Más vendido";"1";"";"0"
"peluches";"POCC01";"peluche osito de la u de chile,colo colo 20cm";"Más vendido";"1";"";"0"
"peluches";"POSCN15";"Peluche oso con corazon nacional 15cm 15 cm";"Más vendido";"1";"";"0"
"peluches";"PSNOP25";"Peluche Snoopy con overol y polo  25 cm";"Más vendido";"1";"";"0"
"peluches";"PGFP220";"Peluche Gato Fucifer  20cm ";"Más vendido";"1";"Día de la Novia";"1"
"peluches";"PPINPA25";"pinguino con pañuelo en el cuello 25cm";"Más vendido";"1";"";"0"
"peluches";"PGGLD17";"Peluche Gato Garfield  17cm";"Más vendido";"1";"Flores Amarillas";"1"
"peluches";"PSNP36";"Peluche Snoopy sentado con polo  36cm";"Más vendido";"1";"";"0"
"peluches";"PGOK36";"Peluche Gato Kawai  21cm";"Más vendido";"1";"Día de la Novia|Día del Novio";"2"
"peluches";"PSCHT25";"Stich termico  25cm";"Más vendido";"1";"";"0"
"peluches";"PSCHAG25";"Peluche Stich y angela abrazados  25cm";"Más vendido";"1";"Día de la Novia";"1"
"peluches";"PSCHPT25";"Peluche Stich abrazodo pato  25cm";"Más vendido";"1";"Día del Novio";"1"
"peluches";"PHKYG20";"Peluche hello  Kitty con Girasol  20cm";"Más vendido";"1";"Flores Amarillas";"1"
"peluches";"PCRT25";"Peluche Cerdito con tirantes y moño 25cm";"Más vendido";"1";"Día de la Novia";"1"
"peluches";"G1617";"Peluche vaquita con vestido  25cm";"Más vendido";"1";"Día de la Novia";"1"
"peluches";"PPTOM24";"Peluche pato con overol y moño rojo  24cm";"Más vendido";"1";"";"0"
"peluches";"wKbZeyagU18";"Peluche Oso graduado con lentes  18cm";"Más vendido";"1";"";"0"
"peluches";"POSTED23";"Peluche Oso teddy Ejecutivo  23cm";"Más vendido";"1";"";"0"
"peluches";"PKMBRI32";"Peluche Kuromy y Melody con brillo  32cm ";"Más vendido";"1";"Día de la Novia";"1"
"peluches";"PLUCIF25";"Peluche Lucifer pomposo  25cm";"Más vendido";"1";"";"0"
"peluches";"PSNCH20";"peluche snoopy con chalina y flor 20cm";"Más vendido";"1";"Día de la Novia";"1"
"peluches";"POSROS20";"peluche osita con falda con rosa  20cm";"Más vendido";"1";"";"0"
"peluches";"PMONMO32";"peluche monita pareja con vestido y moño  30cm";"Más vendido";"1";"";"0"
"peluches";"POPV32";"peluche oso profesional 32cm";"Más vendido";"1";"";"0"
"peluches";"PKITRA19";"peluche kitty con polo rayas con moño  19cm";"Más vendido";"1";"";"0"
"peluches";"POSSTI27";"Peluche oso disfrazado de Stitch  27cm";"Más vendido";"1";"";"0"
"peluches";"PPATPA22";"peluche pato con pañueleta en el cuello 22cm";"Más vendido";"1";"Flores Amarillas";"1"
"peluches";"PKIGAF19";"peluche hello  kitty con gafas vestido rosado 19cm";"Más vendido";"1";"";"0"
"peluches";"PSTGRA29";"peluche stitch cabezon con corazon  29cm";"Más vendido";"1";"Día del Novio";"1"
"peluches";"PSTMED17";"peluche stitch y angela  mediano con corazon 17cm";"Más vendido";"1";"Día de la Novia|Día del Novio";"2"
"peluches";"PANGPE14";"peluche angela y stich pequeños cabezones 14cm";"Más vendido";"1";"Día de la Novia";"1"
"peluches";"PCERFL19";"peluche cerdita con vestido floreado 19cm";"Más vendido";"1";"Día de la Novia";"1"
"peluches";"PCEKUR22";"peluche cerdita disfrazado de kuromy  22cm";"Más vendido";"1";"Día de la Novia";"1"
"peluches";"PKICOR22";"peluche  hello kitty vestido con corazon  22cm";"Más vendido";"1";"Día de la Novia";"1"
"peluches";"PPOLMO25";"peluche pollito con morral  25cm";"Más vendido";"1";"Flores Amarillas";"1"
"peluches";"STM-0120";"peluche  stitch con muñeco/pato 20cm";"Más vendido";"1";"Día del Novio|Día de la Novia";"2"
"peluches";"PKIAMR16";"peluche hello kitty vestido amarillo 16cm";"Más vendido";"1";"Flores Amarillas";"1"
"peluches";"";"";"Más vendido";"1";"";"0"
"papeles";"PA1205CO";"Papel coreano con bordes decorativos x 20 unidades";"Más vendido";"1";"Día de la Novia";"1"
"papeles";"6925-6157";"Papel coreano con bordes dorados x 20 unidades";"Más vendido";"1";"Día de la Novia|Flores Amarillas";"2"
"papeles";"PA1206CO";"Papel coreano con flores amarillas x 20 unidades";"Más vendido";"1";"Flores Amarillas";"1"
"papeles";"6925-6256";"Papel coreano con margaritas x 20 unidades";"Más vendido";"1";"Día de la Novia";"1"
"papeles";"6925-5013";"Papel coreano Stitch y Ángel x 20 unidades";"Más vendido";"1";"Día de la Novia";"1"
"papeles";"CA5205ENV";"Papel coreano con rosas x 20 unidades";"Más vendido";"1";"Día del Novio";"1"
"papeles";"8241-2153";"Papel coreano Hello Kitty x 20 unidades";"Más vendido";"1";"Día de la Novia";"1"
"papeles";"6925-5020";"Papel coreano Stitch hawaiano x 20 unidades";"Más vendido";"1";"Día de la Novia";"1"
"papeles";"CA5118ENV";"Papel coreano transparente con bordes de color x 20 unidades";"Más vendido";"1";"Día del Novio";"1"
"papeles";"6925-6270";"Papel coreano degradado Mate x 20 unidades";"Más vendido";"1";"";"0"
"papeles";"PA1183CO";"Papel coreano dorado x 20 unidades";"Más vendido";"1";"Flores Amarillas";"1"
"papeles";"6925-5026";"Papel coreano con bordes blancos x 20 unidades";"Más vendido";"1";"";"0"
"papeles";"8024-3229";"Papel coreano estilo Dior x 20 unidades";"Más vendido";"1";"";"0"
"papeles";"00PA1058CO";"Papel coreano con mariposas x 20 unidades";"Más vendido";"1";"Día de la Novia";"1"
"papeles";"CORLOVE328";"Papel coreano Love x 20 unidades";"Más vendido";"1";"Día de la Novia";"1"
"papeles";"5908-4033";"Papel coreano Hello Kitty fresita x 20 unidades";"Más vendido";"1";"Día de la Novia";"1"
"papeles";"6925-5037";"Papel coreano Lotso x 20 unidades";"Más vendido";"1";"";"0"
"papeles";"espal12344";"Papel coreano para espaldar x 20 unidades";"Más vendido";"1";"";"0"
"papeles";"pa1026coro";"Papel coreano con corazón x 20 unidades";"Más vendido";"1";"Día de la Novia";"1"
"papeles";"8002-2038";"Papel coreano estilo periódico x 20 unidades";"Más vendido";"1";"";"0"
"papeles";"PaLu2m7Q";"Papel leche x 20 pliegos";"Más vendido";"1";"Flores Amarillas";"1"
"papeles";"pa1066co";"Papel coreano doble cara x 20 unidades";"Más vendido";"1";"Día de la Novia";"1"
"papeles";"PA1044CO";"Papel coreano celofán con bordes de color x 20 unidades";"Más vendido";"1";"";"0"
"papeles";"PQ1214CO";"Papel coreano Mamá x 20 unidades";"Más vendido";"1";"";"0"
"papeles";"PA1064CO";"Papel coreano encaje de rosas x 20 unidades";"Más vendido";"1";"Día de la Novia";"1"
"papeles";"PA1121CO";"Papel coreano madre e hijo x 20 unidades";"Más vendido";"1";"";"0"
"papeles";"6925-6158";"Papel coreano con bordes dorados hombre ";"Más vendido";"1";"Día del Novio";"1"
"papeles";"PA2003CO";"Papel Panal de abeja x Rollo ";"Más vendido";"1";"Día de la Novia";"1"
"papeles";"PA2004CO";"Papel Envolorio Corrugado Artistico ";"Más vendido";"1";"";"0"
"papeles";"PA2005CO";"Papel Decorativo Artistico";"Más vendido";"1";"Día de la Novia";"1"
"papeles";"PA2006CO";"Papel coreano transparente con Mariposa ";"Más vendido";"1";"Día de la Novia";"1"
"papeles";"PA2007CO";"Papel coreano Mini Corazones y trasparente";"Más vendido";"1";"Día de la Novia";"1"
"papeles";"PA2008CO";"Papel coreano con bordes y lineas doradas";"Más vendido";"1";"Día de la Novia";"1"
"papeles";"PA2009CO";"Papel coreano escarchado";"Más vendido";"1";"Día de la Novia";"1"
"papeles";"PA2010CO";"Papel para Centro Ramo Flores c/n dorado";"Más vendido";"1";"Día de la Novia";"1"
"papeles";"PA2011CO";"Papel para Centro Ramo c/n borde con encaje";"Más vendido";"1";"Día de la Novia";"1"
"papeles";"PA2012CO";"Papel Artistico";"Más vendido";"1";"";"0"
"papeles";"PA2013CO";"Papel para Centro Rosas Love Is The Only Eternily";"Más vendido";"1";"";"0"
"papeles";"PA2014CO";"Papel Coreano con Figura Abstractas";"Más vendido";"1";"";"0"
"papeles";"PA2015CO";"Papel para Centro Ramo con Mariposas c/n Bordes";"Más vendido";"1";"Día de la Novia";"1"
"papeles";"PA2016CO";"Papel para Centro Love Of Nature c/n Rosas Otonales ";"Más vendido";"1";"";"0"
"papeles";"PA2017CO";"Papel Coreano Periodico ";"Más vendido";"1";"Día de la Novia";"1"
"papeles";"PA2018CO";"Papel Leche grande ";"Más vendido";"1";"Día de la Novia";"1"
"papeles";"PA2019CO";"Papel Envoltura Corugado ";"Más vendido";"1";"";"0"
"papeles";"PA2020CO";"Papel Coreano Degradado ";"Más vendido";"1";"Día del Novio";"1"
"papeles";"PA2021CO";"Papel Bordado";"Más vendido";"1";"";"0"
"papeles";"";"";"";"0";"";"0"
"papeles";"";"";"";"0";"";"0"
"papeles";"";"";"";"0";"";"0"
"papeles";"";"";"";"0";"";"0"
"papeles";"";"";"";"0";"";"0"
"papeles";"";"";"";"0";"";"0"
"papeles";"";"";"";"0";"";"0"
"papeles";"";"";"";"0";"";"0"
"papeles";"";"";"";"0";"";"0"
"papeles";"";"";"";"0";"";"0"
"papeles";"";"";"";"0";"";"0"
"papeles";"";"";"";"0";"";"0"
"cajas";"R62P3jM3R1";"Caja circular con diseño 15*15cm";"Más vendido";"1";"Día de la Novia";"1"
"cajas";"R62P3jM3R2";"Caja circular con diseño de figuras 15*15cm";"Más vendido";"1";"Día de la Novia";"1"
"cajas";"CA2183SET";"Caja diseño escamas corazón 25cm";"Más vendido";"1";"Día de la Novia";"1"
"cajas";"CA2193SET";"Caja diseño escamas corazón 22cm";"Más vendido";"1";"Día de la Novia";"1"
"cajas";"CA2208SET";"Caja corazón Love 22cm";"Más vendido";"1";"Día de la Novia";"1"
"cajas";"BO1086PAP";"Bolsa regalo vitrina corazón 18*25*13cm";"Más vendido";"1";"Día de la Novia";"1"
"cajas";"CA4005BOL";"Caja peluchera portátil 20*16*30cm";"Más vendido";"1";"Día de la Novia|Día del Novio";"2"
"cajas";"CA2208SET4";"Caja envío Foldcote color entero 30*25*10cm";"Más vendido";"1";"Día de la Novia";"1"
"cajas";"jQV5XClJE2";"Caja envío Foldcote fútbol 30*25*10cm";"Más vendido";"1";"Día del Novio";"1"
"cajas";"jQV5XClJE3";"Caja envío Foldcote ""Te Amo"" 30*25*10cm";"Más vendido";"1";"Día de la Novia";"1"
"cajas";"AR5010ENV";"Envoltorio mariposa flores 40cm";"Más vendido";"1";"Día de la Novia";"1"
"cajas";"CA2191SET";"Set 3 cajas corazón vitrina 22cm";"Más vendido";"1";"Día de la Novia";"1"
"cajas";"70CFC1515";"Caja cubo full color 15*15cm";"Más vendido";"1";"Día de la Novia";"1"
"cajas";"CA2205SET";"Set 3 cajas redondas escamas 25cm";"Más vendido";"1";"";"0"
"cajas";"CA2187SET";"Set 3 cajas corazón hojas 25cm";"Más vendido";"1";"";"0"
"cajas";"CJMR0JUST";"Caja decorativa Just For You 40cm";"Más vendido";"1";"";"0"
"cajas";"5962410315042";"Caja mariposa dorada desarmable 40cm";"Más vendido";"1";"";"0"
"cajas";"qzvUMEE4r";"Caja transparente borde negro/blanco 13*16cm";"Más vendido";"1";"Día del Novio|Hot Wheels Day";"2"
"cajas";"wJHNzSeIV";"Cartera corazón origami 12cm";"Más vendido";"1";"Día de la Novia";"1"
"cajas";"CA4147BOL";"Bolsa cartera PVC talla L ";"Más vendido";"1";"";"0"
"cajas";"pdSBLFVcL";"Cartera cubo tipo V 10cm";"Más vendido";"1";"Día de la Novia";"1"
"cajas";"vn8FxMTGG";"Caja cartera rosa asa perlas 16*9cm";"Más vendido";"1";"Día de la Novia";"1"
"cajas";"CAR-07";"Cartera cubo Specially rosa 10cm";"Más vendido";"1";"Día de la Novia";"1"
"cajas";"6925110315025";"Caja ovalada mariposa 30*22*25cm";"Más vendido";"1";"Día de la Novia";"1"
"cajas";"CA4076BOL";"Cartera acetato cristal 32*36*10cm";"Más vendido";"1";"";"0"
"cajas";"Q320Hfwi0";"Cartera cuerina rectangular 20*12*13cm";"Más vendido";"1";"Día de la Novia";"1"
"cajas";"5962410315011";"Caja mariposa vintage desarmable 23*34*10cm";"Más vendido";"1";"Día de la Novia";"1"
"cajas";"zDqp5h8Za";"Set 3 cajas Trupan 25*18*10cm; 23*16*9cm; 20*14*8cm";"Más vendido";"1";"";"0"
"cajas";"CAJABANDE3494";"Set 2 cajas pino formas ";"Más vendido";"1";"";"0"
"cajas";"DESATRUPA23";"Bandeja desayunera tablero redondo ";"Más vendido";"1";"";"0"
"cajas";"A0515-502";"Caja corazón Just For You 40*20*12cm";"Más vendido";"1";"";"0"
"cajas";"CANS001";"Canasta corporativa pequeña ";"Más vendido";"1";"";"0"
"cajas";"CANS002";"Canasta con Encaje Blanco ";"Más vendido";"1";"Día de la Novia";"1"
"cajas";"CANS003";"Canasta de Mimbre naranja decorativa ";"Más vendido";"1";"";"0"
"cajas";"SET834895";"Set 3 cajas ventana 30*28*10cm";"Más vendido";"1";"";"0"
"cajas";"SET645985";"Set 3 cajas circulares grandes 25*25cm";"Más vendido";"1";"";"0"
"cajas";"CAROVAL8";"Caja cartera mariposa ovalada 25*20*10cm";"Más vendido";"1";"";"0"
"cajas";"CJB352";"Caja baúl ramo 40*34*12cm";"Más vendido";"1";"Día de la Novia";"1"
"cajas";"CRZ88";"Corazones decorativos 30*33cm";"Más vendido";"1";"";"0"
"cajas";"CJLZ78";"Caja lazo Mamá rosado 30*25*10cm";"Más vendido";"1";"";"0"
"cajas";"PRTCF74";"Porta café surtido 10*8*17cm";"Más vendido";"1";"";"0"
"cajas";"CJVM66";"Caja ventana Mamá 31*14*10cm";"Más vendido";"1";"";"0"
"cajas";"BGRV";"Bolsa regalo vitrina 34.5*24*14cm";"Más vendido";"1";"Día de la Novia";"1"
"cajas";"CCHD2";"Caja corazón hueca desarmable ";"Más vendido";"1";"";"0"
"cajas";"CJFO";"Caja Just For You ovalada ";"Día de la Novia";"1";"Día de la Novia|Día del Novio";"2"
"cajas";"CCEN";"Caja corazón encapsulada ";"Día de la Novia";"1";"Día de la Novia";"1"
"cajas";"SCB2";"Set cajas baúl x2 ";"Más vendido";"1";"Día de la Novia";"1"
"cajas";"S2CM";"Set 2 cajas maleta básica 20*11*25cm";"Más vendido";"1";"";"0"
"cajas";"CLMO01";"Caja libro moño ";"Más vendido";"1";"Día de la Novia";"1"
"cajas";"CLCU";"Caja Love cuadrada 42*36*12.5cm";"Más vendido";"1";"Día de la Novia";"1"
"cajas";"FVPAPA";"Frasco vidrio Papá ";"Más vendido";"1";"";"0"
"cajas";"TCPAPA";"Tacho Papá ";"Más vendido";"1";"";"0"
"cajas";"PBPAPA";"Portabotella Papá ";"Más vendido";"1";"";"0"
"cajas";"CPAPA01";"Caja portalatas tapa ";"Más vendido";"1";"";"0"
"cajas";"CL3D";"Caja Love 3D ";"Más vendido";"1";"Día de la Novia";"1"
"cajas";"CILY";"Caja I Love You 3D ";"Más vendido";"1";"Día de la Novia";"1"
"cajas";"70CFC15";"Caja cubo marmoleado ";"Más vendido";"1";"";"0"
"cajas";"Pl7IocsuK";"Caja corazón personaje ";"Más vendido";"1";"";"0"
"cajas";"CA2218SET";"Caja acrílica tapa y asa ";"Más vendido";"1";"";"0"
"cajas";"CA4103BOL";"Cesta circular arreglo ";"Más vendido";"1";"";"0"
"cajas";"ACETATOG001";"Caja acetato tapa pequeña 23*15*15cm";"Más vendido";"1";"Día de la Novia";"1"
"cajas";"ACETATOG002";"Caja acetato tapa grande 39*20*20cm";"Más vendido";"1";"Día de la Novia";"1"
"cajas";"CJAMAl011";"Caja Trupan tipo cañón ";"Más vendido";"1";"";"0"
"cajas";"CJAMAl012";"Caja ""Especialmente Para Ti"" ";"Más vendido";"1";"Día del Novio";"1"
"cajas";"CHEX";"Caja hexagonal ";"Más vendido";"1";"";"0"
"cajas";"CEFD01";"Caja camiseta hincha feliz 15*13*26cm";"Más vendido";"1";"";"0"
"cajas";"CSRG01";"Caja Sobre Regalo 17*7*25cm";"Más vendido";"1";"";"0"
"cajas";"CPTZ01";"Caja Porta Tazas 9*16*25cm";"Más vendido";"1";"";"0"
"cajas";"CCEP15";"Caja Circular Especial Papá 15*15cm";"Más vendido";"1";"";"0"
"cajas";"CCUEP15";"Caja cubo Especial Papá 15*15cm";"Más vendido";"1";"";"0"
"cajas";"CJ203";"Caja Lazo Feliz Día Maestro/a ";"Más vendido";"1";"";"0"
"cajas";"CJ204";"Caja Box HotWheels c/n frase 28*8*24cm";"Más vendido";"1";"Hot Wheels Day";"1"
"cajas";"CJ205";"Caja Box mica Feliz Día Maestro/a 23.5*17cm";"Más vendido";"1";"";"0"
"cajas";"CJ206";"Caja Lazo Especial 28*24.5cm";"Más vendido";"1";"";"0"
"cajas";"CJ207";"Caja Box Mica HotWheels 23.5*17*9.5cm";"Más vendido";"1";"Hot Wheels Day";"1"
"cajas";"CJ208";"Caja Lazo HotWheels tornasol 29*23*8cm";"Más vendido";"1";"Hot Wheels Day";"1"
"cajas";"CIR3ENT";"Cicular x3 color entero con borde ";"Más vendido";"1";"Día de la Novia";"1"
"cajas";"BOX3COR";"Box x3 con diseño corazon with love";"Más vendido";"1";"Día de la Novia";"1"
"cajas";"BOX3FLO";"Box x3 flower for you";"Más vendido";"1";"Día de la Novia";"1"
"cajas";"";"";"";"0";"";"0"
"cajas";"";"";"";"0";"";"0"
"cajas";"";"";"";"0";"";"0"
"cajas";"";"";"";"0";"";"0"
"cajas";"";"";"";"0";"";"0"
"cajas";"";"";"";"0";"";"0"
"cajas";"";"";"";"0";"";"0"
"cajas";"";"";"";"0";"";"0"
"cajas";"";"";"";"0";"";"0"
"cajas";"";"";"";"0";"";"0"
"cajas";"";"";"";"0";"";"0"
"cajas";"";"";"";"0";"";"0"
"cajas";"";"";"";"0";"";"0"
"cajas";"";"";"";"0";"";"0"
"cajas";"";"";"";"0";"";"0"
"cajas";"";"";"";"0";"";"0"
"cajas";"";"";"";"0";"";"0"
"cajas";"";"";"";"0";"";"0"
"cajas";"";"";"";"0";"";"0"
"cajas";"";"";"";"0";"";"0"
"cajas";"";"";"";"0";"";"0"
"cajas";"";"";"";"0";"";"0"
"cajas";"";"";"";"0";"";"0"
"cajas";"";"";"";"0";"";"0"
"cajas";"";"";"";"0";"";"0"
"cajas";"";"";"";"0";"";"0"
"cajas";"";"";"";"0";"";"0"
"cajas";"";"";"";"0";"";"0"
"cajas";"";"";"";"0";"";"0"
"cajas";"";"";"";"0";"";"0"
"cajas";"";"";"";"0";"";"0"
"cajas";"";"";"";"0";"";"0"
"cajas";"";"";"";"0";"";"0"
"cajas";"";"";"";"0";"";"0"
"cajas";"";"";"";"0";"";"0"
"cajas";"";"";"";"0";"";"0"
"cajas";"";"";"";"0";"";"0"
"cajas";"";"";"";"0";"";"0"
"cajas";"";"";"";"0";"";"0"
"cajas";"";"";"";"0";"";"0"
"cajas";"";"";"";"0";"";"0"
"cajas";"";"";"";"0";"";"0"
"cajas";"";"";"";"0";"";"0"
"cajas";"";"";"";"0";"";"0"
"cajas";"";"";"";"0";"";"0"
"cintas";"NACI100MTRS";"Cinta Satinada Nacional 4cm x 100m";"✨Todo el Año";"1";"Día de la Novia, Flores Amarillas, Día del Novio";"1"
"cintas";"Db-Q6xZlh";"Cinta Satinada Importada 4cm x 92m";"✨Todo el Año";"1";"Día de la Novia, Flores Amarillas, Día del Novio";"1"
"cintas";"CIM92";"Cinta Satinada Estándar 3cm x 92m";"✨Todo el Año";"1";"Día de la Novia, Día del Novio";"1"
"cintas";"75849nhff";"Cinta Letras Decorativa Delgada 1.5cm x 45m";"✨Todo el Año";"1";"Día de la Novia, Día del Novio";"1"
"cintas";"0913-45";"Cinta Letras Decorativa Satinada 1cm x 92m";"✨Todo el Año";"1";"Día de la Novia, Día del Novio";"1"
"cintas";"45128365458";"Cinta Satinada para flores Corta 4cm x 10m";"✨Todo el Año";"1";"";"0"
"cintas";"flor327873";"Cinta Floratel Decorativa Verde ";"✨Todo el Año";"1";"Día de la Novia, Flores Amarillas, Día del Novio";"1"
"cintas";"0TA95301";"Cinta Especially For You 2.5cm";"✨Todo el Año";"1";"Día del Novio";"1"
"cintas";"bnbideTkk";"Cinta Estilo Dior Premium 2cm";"✨Todo el Año";"1";"Día del Novio, Día de la Novia";"1"
"cintas";"TA95304";"Cinta Letras Especial Graduación 2.5cm";"✨Todo el Año";"1";"";"0"
"cintas";" eYFmDJReK";"Cinta Gasa Perlada 4cm";"✨Todo el Año";"1";"Día de la Novia";"1"
"cintas";"6Aw9IeUUc";"Cinta Gasa Decorativa 4cm";"✨Todo el Año";"1";"Día de la Novia";"1"
"cintas";"";"";"";"0";"";"0"
"cintas";"";"";"";"0";"";"0"
"cintas";"";"";"";"0";"";"0"
"cintas";"";"";"";"0";"";"0"
"cintas";"";"";"";"0";"";"0"
"cintas";"";"";"";"0";"";"0"
"cintas";"";"";"";"0";"";"0"
"cintas";"";"";"";"0";"";"0"
"cintas";"";"";"";"0";"";"0"
"cintas";"";"";"";"0";"";"0"
"cintas";"";"";"";"0";"";"0"
"cintas";"";"";"";"0";"";"0"
"cintas";"";"";"";"0";"";"0"
"cintas";"";"";"";"0";"";"0"
"cintas";"";"";"";"0";"";"0"
"cintas";"";"";"";"0";"";"0"
"cintas";"";"";"";"0";"";"0"
"cintas";"";"";"";"0";"";"0"
"cintas";"";"";"";"0";"";"0"
"cintas";"";"";"";"0";"";"0"
"cintas";"";"";"";"0";"";"0"
"cintas";"";"";"";"0";"";"0"
"cintas";"";"";"";"0";"";"0"
"cintas";"";"";"";"0";"";"0"
"cintas";"";"";"";"0";"";"0"
"cintas";"";"";"";"0";"";"0"
"globos";"GB-001N18";"Globo Metálico Color Entero  N°18";"Más vendido";"1";"Día de la Novia|Día del Novio";"2"
"globos";"G-091N18";"Globo Burbuja Transparente  N°18";"Más vendido";"1";"Día de la Novia|Flores Amarillas|Hot Wheels Day|Día del Novio";"4"
"globos";"G-091N20";"Globo Burbuja Transparente  N°20";"Más vendido";"1";"Día de la Novia|Flores Amarillas|Hot Wheels Day|Día del Novio";"4"
"globos";"G-091DN24";"Globo Burbuja Transparente  N°24";"Más vendido";"1";"Día de la Novia|Flores Amarillas|Hot Wheels Day|Día del Novio";"4"
"globos";"GB-002N10";"Globo Metálico Color Entero  N°10";"Más vendido";"1";"Día del Novio|Día de la Novia";"2"
"globos";"GB-002N5";"Globo Metálico Color Entero  N°5";"Más vendido";"1";"Día de la Novia|Día del Novio";"2"
"globos";"BBmPG0WNT";"Globo Mamá Decorativo ";"Más vendido";"1";"";"0"
"globos";"lZ1uiKxub";"Confeti para Globo Decorativo ";"Más vendido";"1";"Flores Amarillas|Hot Wheels Day|Día de la Novia|Día del Novio";"4"
"globos";"GB-DIS18-001";"Globo Metálico Diseño  N°18";"Más vendido";"1";"";"0"
"globos";"GLOMAN10";"Globo Metálico Mamá  N°10";"Más vendido";"1";"";"0"
"globos";"GLOMAN5";"Globo Metálico Mamá  N°5";"Más vendido";"1";"";"0"
"globos";"GLOMAN12";"Globo Metálico Papá  N°10";"Más vendido";"1";"";"0"
"globos";"GLOMAN13";"Globo Metálico Papá  N°5";"Más vendido";"1";"";"0"
"globos";"GMFP01";"Globo Metálico Futbolero Pelotas  N°10";"Más vendido";"1";"Día del Novio";"1"
"globos";"GMFC01";"Globo Metálico Futbolero Camisetas  N°10";"Más vendido";"1";"Día del Novio";"1"
"globos";"";"";"";"0";"";"0"
"globos";"";"";"";"0";"";"0"
"globos";"";"";"";"0";"";"0"
"globos";"";"";"";"0";"";"0"
"globos";"";"";"";"0";"";"0"
"globos";"";"";"";"0";"";"0"
"globos";"";"";"";"0";"";"0"
"globos";"";"";"";"0";"";"0"
"globos";"";"";"";"0";"";"0"
"globos";"";"";"";"0";"";"0"
"globos";"";"";"";"0";"";"0"
"globos";"";"";"";"0";"";"0"
"globos";"";"";"";"0";"";"0"
"globos";"";"";"";"0";"";"0"
"globos";"";"";"";"0";"";"0"
"globos";"";"";"";"0";"";"0"
"globos";"";"";"";"0";"";"0"
"globos";"";"";"";"0";"";"0"
"globos";"";"";"";"0";"";"0"
"globos";"";"";"";"0";"";"0"
"globos";"";"";"";"0";"";"0"
"globos";"";"";"";"0";"";"0"
"globos";"";"";"";"0";"";"0"
"globos";"";"";"";"0";"";"0"
"accesorios";"AR4003MAR";"Mariposa 3D Escarchada Decorativa";"Más vendido";"1";"Día de la Novia|Flores Amarillas";"2"
"accesorios";"FP9059OTR";"Mariposa 3D Decorativa";"Más vendido";"1";"Día de la Novia|Flores Amarillas";"2"
"accesorios";"MARICOLO243";"Mariposa Decorativa Colores";"Más vendido";"1";"Día de la Novia|Flores Amarillas";"2"
"accesorios";"7017013";"Corona Metálica Pequeña Diamante";"Más vendido";"1";"Día de la Novia|Flores Amarillas";"2"
"accesorios";"FP9141OTR";"Corona Metálica Perlada";"Más vendido";"1";"Día de la Novia|Flores Amarillas";"2"
"accesorios";"GjLujo9IQ";"Corona Metálica Grande Decorativa";"Más vendido";"1";"Día de la Novia|Flores Amarillas";"2"
"accesorios";" bELOaWypH";"Tiara Rapunzel Decorativa";"Más vendido";"1";"Día de la Novia";"1"
"accesorios";"FP9159OTR";"Corona Redonda Grande Decorativa";"Más vendido";"1";"Día de la Novia";"1"
"accesorios";"FP9161OTR";"Corona Redonda Pequeña Decorativa";"Más vendido";"1";"Día de la Novia";"1"
"accesorios";"7017017";"Pistilo Decorativo para Flores";"Más vendido";"1";"Día de la Novia|Flores Amarillas";"2"
"accesorios";"";"";"Más vendido";"1";"";"0"
"accesorios";"BAnDE4895";"Banderolas Decorativas Ocasiones";"Más vendido";"1";"";"0"
"accesorios";"70TSCR3D";"Toppers Scrap 3D Pan de Oro";"Más vendido";"1";"";"0"
"accesorios";"MARPEQ2574";"Mariposas Pequeñas Decorativas";"Más vendido";"1";"Día de la Novia|Flores Amarillas";"2"
"accesorios";"ggELv2QRv";"Pack Tarjetas Amor x25";"Más vendido";"1";"";"0"
"accesorios";"7017016";"Medias Perlas x400 Decorativas";"Más vendido";"1";"Día de la Novia|Flores Amarillas";"2"
"accesorios";"XPx4i46p9";"Pan de Oro Decorativo";"Más vendido";"1";"";"0"
"accesorios";"TARMA17498";"Pack Tarjetas Mamá x25";"Más vendido";"1";"";"0"
"accesorios";"8024110913441";"Tul para Flores 4M";"Más vendido";"1";"Día de la Novia|Flores Amarillas";"2"
"accesorios";"eGWrnlXU6";"Tul Perlado Decorativo";"Más vendido";"1";"Día de la Novia|Flores Amarillas";"2"
"accesorios";"Yb1ExVYQ";"Luces Hada con Pilas Decorativas";"Más vendido";"1";"Día de la Novia|Flores Amarillas";"2"
"accesorios";"70TSCR3DM";"Toppers Scrap 3D Día de la Madre";"Más vendido";"1";"";"0"
"accesorios";"FP9079OTR";"Viruta de Papel Decorativa";"Más vendido";"1";"Día de la Novia|Día del Novio";"2"
"accesorios";"W5Kezs_HV";"Moño Fácil Mediano x10";"Más vendido";"1";"Día de la Novia|Flores Amarillas|Día del Novio";"3"
"accesorios";"mJIcucnk2";"Moño Fácil Pequeño x10";"Más vendido";"1";"Día de la Novia|Flores Amarillas";"2"
"accesorios";"CA3096LAZ";"Moño Rosón Grande Decorativo";"Más vendido";"1";"Día de la Novia|Flores Amarillas|Día del Novio";"3"
"accesorios";"LYsYeyI0F";"Topper 3 Capas Mamá 3D";"Más vendido";"1";"";"0"
"accesorios";"Wipg6dBes";"Toppers Plastificados Ocasiones";"Más vendido";"1";"";"0"
"accesorios";"vcbrmzVss";"Topper Rosas Mamá Decorativo";"Más vendido";"1";"";"0"
"accesorios";"fTid2l90e";"Vinilo de Color Adhesivo";"Más vendido";"1";"";"0"
"accesorios";"107140564547";"Plancha Vinilo Adhesivo";"Más vendido";"1";"";"0"
"accesorios";"4578965122545";"Esfera Acrílica 20 cm";"Más vendido";"1";"";"0"
"accesorios";"_tihFomz-";"Sticker A4 Adhesivo";"Más vendido";"1";"";"0"
"accesorios";"9Wkbh4gWQ";"Adhesivo DTF para Plancha";"Más vendido";"1";"";"0"
"accesorios";"POR24870";"Porta Rosa Corazón Mamá";"Más vendido";"1";"";"0"
"accesorios";"yQ3ALKW-z";"Porta Tarjetas para Ramo";"Más vendido";"1";"";"0"
"accesorios";"aOydg5nzd";"Bolsa Porta Rosa Económica";"Más vendido";"1";"Día de la Novia";"1"
"accesorios";"TAR38950";"Tarjeta Tipo Carta Pequeña";"Más vendido";"1";"";"0"
"accesorios";"TARYFHGI";"Pack Tarjetas Cumpleaños x25u";"Más vendido";"1";"";"0"
"accesorios";"TARYFHGI2 ";"Pack Tarjetas Felicitaciones x25u";"Más vendido";"1";"Día de la Novia|Flores Amarillas";"2"
"accesorios";"FP9048OTR";"Base Soporte Chico 23x14 cm";"Más vendido";"1";"Día de la Novia|Flores Amarillas";"2"
"accesorios";"kAoHZjy4f";"Base para Ramo Grande";"Más vendido";"1";"Día de la Novia|Flores Amarillas";"2"
"accesorios";"g7u-OidwP";"Base para Armado Small";"Más vendido";"1";"Día de la Novia|Flores Amarillas";"2"
"accesorios";"o9hYD8L8H";"Cúpula de Vidrio Decorativa";"Más vendido";"1";"Día de la Novia|Flores Amarillas";"2"
"accesorios";"107000553";"Oasis Base para Flores";"Más vendido";"1";"Día de la Novia|Flores Amarillas";"2"
"accesorios";"TOPE2424";"Topper Mamá Corazón Corbata Decorativo";"Más vendido";"1";"";"0"
"accesorios";"LUC1M8650";"Luces Hada Dorada 1 m Pila Reloj";"Más vendido";"1";"Día de la Novia|Flores Amarillas|Día del Novio";"3"
"accesorios";"0913-32";"Porta Rosa Unitaria de Colores";"Más vendido";"1";"Día de la Novia|Flores Amarillas";"2"
"accesorios";"0913-31";"Porta Ramo de Plástico";"Más vendido";"1";"";"0"
"accesorios";"0913-35";"Yute en Rollo";"Más vendido";"1";"Día de la Novia|Flores Amarillas";"2"
"accesorios";"5WurWASps";"Topper Brillante Papá";"Más vendido";"1";"";"0"
"accesorios";"DPSTK01";"Sticker Día del Padre";"Más vendido";"1";"";"0"
"accesorios";"DPTAR01";"Tarjeta Día del Padre";"Más vendido";"1";"";"0"
"accesorios";"DPCER01";"Sticker para Lata o Botella de Cerveza";"Más vendido";"1";"";"0"
"accesorios";"DPTOP01";"Topper de Papá e Hijo Pan de Oro";"Más vendido";"1";"";"0"
"accesorios";"DPTOP02";"Pelota Decorativa";"Más vendido";"1";"";"0"
"accesorios";"BSR04-ALT";"Base Circular Rosado Alto";"Más vendido";"1";"Día de la Novia|Flores Amarillas";"2"
"accesorios";"WOOLY-8";"Topper Scrap Economic";"Más vendido";"1";"";"0"
"accesorios";"WOOLY-1";"Topper Scrap Camiseta";"Más vendido";"1";"";"0"
"accesorios";"LUC1M8655";"Luces Hada Dorada 3 m Pila Reloj";"Más vendido";"1";"Día de la Novia|Flores Amarillas|Día del Novio";"3"
"accesorios";"BSN01-CRZ";"Base Corazón Color Negro";"Más vendido";"1";"Día de la Novia|Flores Amarillas";"2"
"accesorios";"BSC02-CRZ";"Base Circular con Corazones";"Más vendido";"1";"Día de la Novia|Flores Amarillas";"2"
"accesorios";"BSN03-ALT";"Base Circular Negro Alto";"Más vendido";"1";"Día de la Novia|Flores Amarillas";"2"
"accesorios";"TPVEP01";"Toppers Variados Especial Papá";"Más vendido";"1";"";"0"
"accesorios";"FP9048OTG";"Base Soporte Grande Circular 28x18 cm";"Más vendido";"1";"Día de la Novia|Flores Amarillas";"2"
"llaveros";"OSI-C";"Llavero Oso Teddy Vestido 10cm";"Más vendido";"1";"Día de la Novia";"1"
"llaveros";"PL-1A";"Llavero Hello Kitty Lazo 10CM";"Más vendido";"1";"";"0"
"llaveros";"A-41X";"Llavero Stitch Sentado 10cm";"Más vendido";"1";"";"0"
"llaveros";"A-CONEJAX";"Llavero Stitch Coneja 10CM";"Más vendido";"1";"";"0"
"llaveros";"AB-40X";"Llavero Hello Kitty Cuerina 12CM";"Más vendido";"1";"Día de la Novia|Flores Amarillas";"2"
"llaveros";"LS67";"Llavero superheroe 12CM";"Más vendido";"1";"";"0"
"llaveros";"OOGikcf9M";"Llavero San Rio Fresita 12CM";"Más vendido";"1";"";"0"
"llaveros";"Iu8TG6ctQ";"Llavero Peluche Lotso Echado 12CM";"Más vendido";"1";"";"0"
"llaveros";"70LCC986";"llavero cordero  12CM";"Más vendido";"1";"";"0"
"llaveros";"RdgPkgiwk";"Llavero Peluche San Rio Corazón en Mano 12CM";"Más vendido";"1";"";"0"
"llaveros";"LN-7B";"Llavero conejo  10cm";"Más vendido";"1";"Día de la Novia";"1"
"llaveros";"LN-7C";"Llavero conejo vestido economic  10cm";"Más vendido";"1";"";"0"
"llaveros";"LN-7g";"Llavero cerdito  babero  10cm";"Más vendido";"1";"Día de la Novia";"1"
"llaveros";"LN-7f";"Llavero hello kitty cuadros  12cm";"Más vendido";"1";"Día de la Novia|Flores Amarillas";"2"
"llaveros";"LN-7I214";"Llavero pinguino   12cm";"Más vendido";"1";"Día del Novio";"1"
"llaveros";"LN-7A";"Llavero Kuromi Encaje 10cm";"Más vendido";"1";"";"0"
"llaveros";"LDMDA01";"Llavero de mi dragon con alas 12cm";"Más vendido";"1";"Día del Novio";"1"
"llaveros";"LLUFY02";"Llavero de luffy  12cm";"Más vendido";"1";"Día del Novio";"1"
"llaveros";"LSNFB03";"LLavero snope  futbolero  12cm";"Más vendido";"1";"Día del Novio";"1"
"llaveros";"LSNBB04";"Llavero de snoope basquetbol  12cm";"Más vendido";"1";"Día del Novio";"1"
"llaveros";"";"llavero de monkey  de luffy  12cm";"Más vendido";"1";"";"0"
"llaveros";"";"llavero tony tony chopper 12cm";"Más vendido";"1";"";"0"
"llaveros";"";"llavero nico robin con sombrero vaquero azul 12cm";"Más vendido";"1";"";"0"
"llaveros";"";"llavero disfrazado de portgas d.Ace  12cm";"Más vendido";"1";"";"0"
"llaveros";"";"llavero disfrazado de san juan wolf sombrero rosa 12cm";"Más vendido";"1";"";"0"
"llaveros";"";"";"Más vendido";"1";"";"0"
"llaveros";"";"";"Más vendido";"1";"";"0"
"llaveros";"";"";"Más vendido";"1";"";"0"
"llaveros";"";"";"Más vendido";"1";"";"0"
"llaveros";"";"";"Más vendido";"1";"";"0"
"llaveros";"";"";"Más vendido";"1";"";"0"
"llaveros";"";"";"Más vendido";"1";"";"0"
"llaveros";"";"";"Más vendido";"1";"";"0"
"llaveros";"";"";"Más vendido";"1";"";"0"
"llaveros";"";"";"Más vendido";"1";"";"0"
"llaveros";"";"";"";"0";"";"0"
"llaveros";"";"";"";"0";"";"0"
"llaveros";"";"";"";"0";"";"0"
"llaveros";"";"";"";"0";"";"0"
"llaveros";"";"";"";"0";"";"0"
"llaveros";"";"";"";"0";"";"0"
"llaveros";"";"";"";"0";"";"0"
"llaveros";"";"";"";"0";"";"0"
"llaveros";"";"";"";"0";"";"0"
"llaveros";"";"";"";"0";"";"0"
"llaveros";"";"";"";"0";"";"0"
"llaveros";"";"";"";"0";"";"0"
"llaveros";"";"";"";"0";"";"0"
"llaveros";"";"";"";"0";"";"0"
"llaveros";"";"";"";"0";"";"0"
"llaveros";"";"";"";"0";"";"0"
"llaveros";"";"";"";"0";"";"0"
"llaveros";"";"";"";"0";"";"0"
"llaveros";"";"";"";"0";"";"0"
"llaveros";"";"";"";"0";"";"0"
"llaveros";"";"";"";"0";"";"0"
"llaveros";"";"";"";"0";"";"0"
"llaveros";"";"";"";"0";"";"0"
"llaveros";"";"";"";"0";"";"0"
"llaveros";"";"";"";"0";"";"0"
"llaveros";"";"";"";"0";"";"0"
"llaveros";"";"";"";"0";"";"0"
"hotwheels";"HWC001";"Caja Hot Wheels Classic 72U Modelos 2025 ";"Más vendido";"1";"Hot Wheels Day|Día del Amigo|Día del Hombre|Día del Novio";"4"
"hotwheels";"HWC002";"Caja Hot Wheels Classic 72U Modelos 2026 ";"Más vendido";"1";"Hot Wheels Day|Día del Amigo|Día del Hombre|Día del Novio";"4"
"hotwheels";"HWC0022";"Pack 2 Cajas Hot wheels Classic 72u  Modelos 2026 ";"Más vendido";"1";"Hot Wheels Day|Día del Amigo|Día del Hombre|Día del Novio";"4"
"hotwheels";"HWC0026";"Pack 6 Cajas Hot wheels Classic 72u  Modelos 2026 ";"Más vendido";"1";"Hot Wheels Day|Día del Amigo|Día del Hombre|Día del Novio";"4"
"hotwheels";"FNT001";"High-Tail Chaser 2026 ";"Más vendido";"1";"Hot Wheels Day|Día del Amigo|Día del Hombre|Día del Novio";"4"
"hotwheels";"SPT001";"Bugatti Bolide ";"Más vendido";"1";"Hot Wheels Day|Día del Amigo|Día del Hombre|Día del Novio";"4"
"hotwheels";"FNT002";"La Liebre (Legends Tour) ";"Más vendido";"1";"Hot Wheels Day|Día del Amigo|Día del Hombre|Día del Novio";"4"
"hotwheels";"SPT002";"Ferrari SF90 Stradale ";"Más vendido";"1";"Hot Wheels Day|Día del Amigo|Día del Hombre|Día del Novio";"4"
"hotwheels";"CLS001";"Ferrari F40 Competizione ";"Más vendido";"1";"Hot Wheels Day|Día del Amigo|Día del Hombre|Día del Novio";"4"
"hotwheels";"SPT003";"Porsche Taycan Turbo S ";"Más vendido";"1";"Hot Wheels Day|Día del Amigo|Día del Hombre|Día del Novio";"4"
"hotwheels";"SPT004";"McLaren W1 ";"Más vendido";"1";"Hot Wheels Day|Día del Amigo|Día del Hombre|Día del Novio";"4"
"hotwheels";"FNT003";"Optimus Prime ";"Más vendido";"1";"Hot Wheels Day|Día del Amigo|Día del Hombre|Día del Novio";"4"
"hotwheels";"CLS002";"Ferrari 365 GTB4 Competizione ";"Más vendido";"1";"Hot Wheels Day|Día del Amigo|Día del Hombre|Día del Novio";"4"
"hotwheels";"FNT004";"HW K.I.T.T. Concept ";"Más vendido";"1";"Hot Wheels Day|Día del Amigo|Día del Hombre|Día del Novio";"4"
"hotwheels";"RCE001";"Datsun 240Z Racing #23 ";"Más vendido";"1";"Hot Wheels Day|Día del Amigo|Día del Hombre|Día del Novio";"4"
"hotwheels";"RCE002";"24/Seven Red Drift ";"Más vendido";"1";"Hot Wheels Day|Día del Amigo|Día del Hombre|Día del Novio";"4"
"hotwheels";"RCE003";"HW450F Extreme Sports ";"Más vendido";"1";"Hot Wheels Day|Día del Amigo|Día del Hombre|Día del Novio";"4"
"hotwheels";"";"";"";"0";"";"0"
"hotwheels";"";"";"";"0";"";"0"
"hotwheels";"";"";"";"0";"";"0"
"hotwheels";"";"";"";"0";"";"0"
"hotwheels";"";"";"";"0";"";"0"
"hotwheels";"";"";"";"0";"";"0"
"hotwheels";"";"";"";"0";"";"0"
"hotwheels";"";"";"";"0";"";"0"
"hotwheels";"";"";"";"0";"";"0"
"hotwheels";"";"";"";"0";"";"0"
"hotwheels";"";"";"";"0";"";"0"
"hotwheels";"";"";"";"0";"";"0"
